{"cameraMode":{"drawMode":0,"name":"Shaded","section":"Shading Mode"},"sceneLighting":true,"audioPlay":false,"sceneViewState":{"m_AlwaysRefresh":false,"showFog":true,"showSkybox":true,"showFlares":true,"showImageEffects":true,"showParticleSystems":true,"showVisualEffectGraphs":true,"m_FxEnabled":true},"in2DMode":false,"pivot":{"x":31.061847686767579,"y":9.051180839538575,"z":22.571155548095704},"rotation":{"x":0.11810135096311569,"y":-0.8818641901016235,"z":0.3172285556793213,"w":0.32833656668663027},"size":4.113241672515869,"orthographic":false}