{"cameraMode":{"drawMode":0,"name":"Shaded","section":"Shading Mode"},"sceneLighting":true,"audioPlay":false,"sceneViewState":{"m_AlwaysRefresh":false,"showFog":true,"showSkybox":true,"showFlares":true,"showImageEffects":true,"showParticleSystems":true,"showVisualEffectGraphs":true,"m_FxEnabled":true},"in2DMode":false,"pivot":{"x":653.29150390625,"y":289.95977783203127,"z":30.345783233642579},"rotation":{"x":-0.15862727165222169,"y":-0.012738915160298348,"z":0.0020383333321660759,"w":-0.9872776865959168},"size":242.5164794921875,"orthographic":false}